uniprot_id,protein_name,score_index,score
Q15718,ELAVL1,1,0.5
Q15718,ELAVL1,2,0.5
Q15718,ELAVL1,3,0.286786
Q15718,ELAVL1,4,0.5
Q15718,ELAVL1,5,0.506369
Q15718,ELAVL1,6,0.419605
Q15718,ELAVL1,7,0.419605
Q15718,ELAVL1,8,0.5
Q15718,ELAVL1,9,0.487376
Q15718,ELAVL1,10,0.5
Q15718,ELAVL1,11,0.448706
Q15718,ELAVL1,12,0.5
Q15718,ELAVL1,13,0.448706
Q15718,ELAVL1,14,0.480843
Q15718,ELAVL1,15,0.5
Q15718,ELAVL1,16,0.5
Q15718,ELAVL1,17,0.480843
Q15718,ELAVL1,18,0.5
Q15718,ELAVL1,19,0.448706
Q15718,ELAVL1,20,0.5
Q15718,ELAVL1,21,0.286786
Q15718,ELAVL1,22,0.448706
Q15718,ELAVL1,23,0.448706
Q15718,ELAVL1,24,0.448706
Q15718,ELAVL1,25,0.5
Q15718,ELAVL1,26,0.5
Q15718,ELAVL1,27,0.5
Q15718,ELAVL1,28,0.448706
Q15718,ELAVL1,29,0.5
Q15718,ELAVL1,30,0.286786
Q15718,ELAVL1,31,0.286786
Q15718,ELAVL1,32,0.5
Q15718,ELAVL1,33,0.5
Q15718,ELAVL1,34,0.286786
Q15718,ELAVL1,35,0.448706
Q15718,ELAVL1,36,0.5
Q15718,ELAVL1,37,0.480843
Q15718,ELAVL1,38,0.286786
Q15718,ELAVL1,39,0.5
Q15718,ELAVL1,40,0.286786
Q15718,ELAVL1,41,0.5
Q15718,ELAVL1,42,0.5
Q15718,ELAVL1,43,0.419605
Q15718,ELAVL1,44,0.5
Q15718,ELAVL1,45,0.480843
Q15718,ELAVL1,46,0.5
Q15718,ELAVL1,47,0.487376
Q15718,ELAVL1,48,0.5
Q15718,ELAVL1,49,0.5
Q15718,ELAVL1,50,0.5
Q15718,ELAVL1,51,0.5
Q15718,ELAVL1,52,0.5
Q15718,ELAVL1,53,0.454733
Q15718,ELAVL1,54,0.419605
Q15718,ELAVL1,55,0.448706
Q15718,ELAVL1,56,0.5
Q15718,ELAVL1,57,0.286786
Q15718,ELAVL1,58,0.5
Q15718,ELAVL1,59,0.5
Q15718,ELAVL1,60,0.419605
Q15718,ELAVL1,61,0.5
Q15718,ELAVL1,62,0.41479
Q15718,ELAVL1,63,0.286786
Q15718,ELAVL1,64,0.480843
Q15718,ELAVL1,65,0.480843
Q15718,ELAVL1,66,0.5
Q15718,ELAVL1,67,0.286786
Q15718,ELAVL1,68,0.318242
Q15718,ELAVL1,69,0.286786
Q15718,ELAVL1,70,0.487376
Q15718,ELAVL1,71,0.5
Q15718,ELAVL1,72,0.5
Q15718,ELAVL1,73,0.5
Q15718,ELAVL1,74,0.5
Q15718,ELAVL1,75,0.5
Q15718,ELAVL1,76,0.5
Q15718,ELAVL1,77,0.5
Q15718,ELAVL1,78,0.5
Q15718,ELAVL1,79,0.286786
Q15718,ELAVL1,80,0.419605
Q15718,ELAVL1,81,0.5
Q15718,ELAVL1,82,0.448706
Q15718,ELAVL1,83,0.5
Q15718,ELAVL1,84,0.448706
Q15718,ELAVL1,85,0.448706
Q15718,ELAVL1,86,0.448706
Q15718,ELAVL1,87,0.318242
Q15718,ELAVL1,88,0.448706
Q15718,ELAVL1,89,0.5
Q15718,ELAVL1,90,0.286786
Q15718,ELAVL1,91,0.286786
Q15718,ELAVL1,92,0.5
Q15718,ELAVL1,93,0.5
Q15718,ELAVL1,94,0.419605
Q15718,ELAVL1,95,0.41479
Q15718,ELAVL1,96,0.5
Q15718,ELAVL1,97,0.5
Q15718,ELAVL1,98,0.448706
Q15718,ELAVL1,99,0.480843
Q15718,ELAVL1,100,0.448706
Q15718,ELAVL1,101,0.419605
Q15718,ELAVL1,102,0.5
Q15718,ELAVL1,103,0.487376
Q15718,ELAVL1,104,0.286786
Q15718,ELAVL1,105,0.448706
Q15718,ELAVL1,106,0.480843
Q15718,ELAVL1,107,0.480843
Q15718,ELAVL1,108,0.5
Q15718,ELAVL1,109,0.448706
Q15718,ELAVL1,110,0.286786
Q15718,ELAVL1,111,0.5
Q15718,ELAVL1,112,0.286786
Q15718,ELAVL1,113,0.286786
Q15718,ELAVL1,114,0.448706
Q15718,ELAVL1,115,0.448706
Q15718,ELAVL1,116,0.5
Q15718,ELAVL1,117,0.5
Q15718,ELAVL1,118,0.454733
Q15718,ELAVL1,119,0.448706
Q15718,ELAVL1,120,0.487376
Q15718,ELAVL1,121,0.286786
Q15718,ELAVL1,122,0.5
Q15718,ELAVL1,123,0.286786
Q15718,ELAVL1,124,0.5
Q15718,ELAVL1,125,0.286786
Q15718,ELAVL1,126,0.286786
Q15718,ELAVL1,127,0.5
Q15718,ELAVL1,128,0.5
Q15718,ELAVL1,129,0.5
Q15718,ELAVL1,130,0.419605
Q15718,ELAVL1,131,0.5
Q15718,ELAVL1,132,0.286786
Q15718,ELAVL1,133,0.5
Q15718,ELAVL1,134,0.448706
Q15718,ELAVL1,135,0.480843
Q15718,ELAVL1,136,0.5
Q15718,ELAVL1,137,0.419605
Q15718,ELAVL1,138,0.5
Q15718,ELAVL1,139,0.419605
Q15718,ELAVL1,140,0.5
Q15718,ELAVL1,141,0.286786
Q15718,ELAVL1,142,0.5
Q15718,ELAVL1,143,0.286786
Q15718,ELAVL1,144,0.448706
Q15718,ELAVL1,145,0.480843
Q15718,ELAVL1,146,0.5
Q15718,ELAVL1,147,0.286786
Q15718,ELAVL1,148,0.419605
Q15718,ELAVL1,149,0.5
Q15718,ELAVL1,150,0.448706
Q15718,ELAVL1,151,0.448706
Q15718,ELAVL1,152,0.5
Q15718,ELAVL1,153,0.5
Q15718,ELAVL1,154,0.135192
Q15718,ELAVL1,155,0.286786
Q15718,ELAVL1,156,0.5
Q15718,ELAVL1,157,0.286786
Q15718,ELAVL1,158,0.405006
Q15718,ELAVL1,159,0.448706
Q15718,ELAVL1,160,0.487376
Q15718,ELAVL1,161,0.004124
Q15718,ELAVL1,162,0.170445
Q15718,ELAVL1,163,0.286786
Q15718,ELAVL1,164,0.448706
Q15718,ELAVL1,165,0.5
Q15718,ELAVL1,166,0.448706
Q15718,ELAVL1,167,0.448706
Q15718,ELAVL1,168,0.454733
Q15718,ELAVL1,169,0.5
Q15718,ELAVL1,170,0.448706
Q15718,ELAVL1,171,0.419605
Q15718,ELAVL1,172,0.448706
Q15718,ELAVL1,173,0.5
Q15718,ELAVL1,174,0.5
Q15718,ELAVL1,175,0.5
Q15718,ELAVL1,176,0.448706
Q15718,ELAVL1,177,0.5
Q15718,ELAVL1,178,0.5
Q15718,ELAVL1,179,0.416646
Q15718,ELAVL1,180,0.286786
Q15718,ELAVL1,181,0.5
Q15718,ELAVL1,182,0.5
Q15718,ELAVL1,183,0.416646
Q15718,ELAVL1,184,0.448706
Q15718,ELAVL1,185,0.448706
Q15718,ELAVL1,186,0.5
Q15718,ELAVL1,187,0.5
Q15718,ELAVL1,188,0.5
Q15718,ELAVL1,189,0.5
Q15718,ELAVL1,190,0.5
Q15718,ELAVL1,191,0.286786
Q15718,ELAVL1,192,0.286786
Q15718,ELAVL1,193,0.286786
Q15718,ELAVL1,194,0.448706
Q15718,ELAVL1,195,0.5
Q15718,ELAVL1,196,0.5
Q15718,ELAVL1,197,0.5
Q15718,ELAVL1,198,0.5
Q15718,ELAVL1,199,0.448706
Q15718,ELAVL1,200,0.5
Q15718,ELAVL1,201,0.286786
Q15718,ELAVL1,202,0.286786
Q15718,ELAVL1,203,0.5
Q15718,ELAVL1,204,0.5
Q15718,ELAVL1,205,0.286786
Q15718,ELAVL1,206,0.448706
Q15718,ELAVL1,207,0.286786
Q15718,ELAVL1,208,0.5
Q15718,ELAVL1,209,0.454733
Q15718,ELAVL1,210,0.448706
Q15718,ELAVL1,211,0.5
Q15718,ELAVL1,212,0.5
Q15718,ELAVL1,213,0.448706
Q15718,ELAVL1,214,0.448706
Q15718,ELAVL1,215,0.286786
Q15718,ELAVL1,216,0.480843
Q15718,ELAVL1,217,0.5
Q15718,ELAVL1,218,0.5
Q15718,ELAVL1,219,0.5
Q15718,ELAVL1,220,0.5
Q15718,ELAVL1,221,0.5
Q15718,ELAVL1,222,0.480843
Q15718,ELAVL1,223,0.001762
Q15718,ELAVL1,224,0.286786
Q15718,ELAVL1,225,0.5
Q15718,ELAVL1,226,0.286786
Q15718,ELAVL1,227,0.419605
Q15718,ELAVL1,228,0.5
Q15718,ELAVL1,229,0.419605
Q15718,ELAVL1,230,0.5
Q15718,ELAVL1,231,0.286786
Q15718,ELAVL1,232,0.448706
Q15718,ELAVL1,233,0.5
Q15718,ELAVL1,234,0.448706
Q15718,ELAVL1,235,0.286786
Q15718,ELAVL1,236,0.419605
Q15718,ELAVL1,237,0.419605
Q15718,ELAVL1,238,0.286786
Q15718,ELAVL1,239,0.5
Q15718,ELAVL1,240,0.286786
Q15718,ELAVL1,241,0.5
Q15718,ELAVL1,242,0.448706
Q15718,ELAVL1,243,0.448706
Q15718,ELAVL1,244,0.448706
Q15718,ELAVL1,245,0.286786
Q15718,ELAVL1,246,0.5
Q15718,ELAVL1,247,0.5
Q15718,ELAVL1,248,0.448706
Q15718,ELAVL1,249,0.448706
Q15718,ELAVL1,250,0.454733
Q15718,ELAVL1,251,0.5
Q15718,ELAVL1,252,0.286786
Q15718,ELAVL1,253,0.5
Q15718,ELAVL1,254,0.419605
Q15718,ELAVL1,255,0.286786
Q15718,ELAVL1,256,0.286786
Q15718,ELAVL1,257,0.286786
Q15718,ELAVL1,258,0.5
Q15718,ELAVL1,259,0.286786
Q15718,ELAVL1,260,0.41479
Q15718,ELAVL1,261,0.5
Q15718,ELAVL1,262,0.5
Q15718,ELAVL1,263,0.5
Q15718,ELAVL1,264,0.286786
Q15718,ELAVL1,265,0.5
Q15718,ELAVL1,266,0.448706
Q15718,ELAVL1,267,0.5
Q15718,ELAVL1,268,0.5
Q15718,ELAVL1,269,0.225201
Q15718,ELAVL1,270,0.286786
Q15718,ELAVL1,271,0.5
Q15718,ELAVL1,272,0.286786
Q15718,ELAVL1,273,0.419605
Q15718,ELAVL1,274,0.419605
Q15718,ELAVL1,275,0.448706
Q15718,ELAVL1,276,0.448706
Q15718,ELAVL1,277,0.5
Q15718,ELAVL1,278,0.448706
Q15718,ELAVL1,279,0.286786
Q15718,ELAVL1,280,0.419605
Q15718,ELAVL1,281,0.5
Q15718,ELAVL1,282,0.286786
Q15718,ELAVL1,283,0.286786
Q15718,ELAVL1,284,0.5
Q15718,ELAVL1,285,0.5
Q15718,ELAVL1,286,0.417406
Q15718,ELAVL1,287,0.5
Q15718,ELAVL1,288,0.286786
Q15718,ELAVL1,289,0.5
Q15718,ELAVL1,290,0.286786
Q15718,ELAVL1,291,0.5
Q15718,ELAVL1,292,0.419605
Q15718,ELAVL1,293,0.5
Q15718,ELAVL1,294,0.286786
Q15718,ELAVL1,295,0.477751
Q15718,ELAVL1,296,0.5
Q15718,ELAVL1,297,0.5
Q15718,ELAVL1,298,0.5
Q15718,ELAVL1,299,0.477751
Q15718,ELAVL1,300,0.5
Q15718,ELAVL1,301,0.5
Q15718,ELAVL1,302,0.5
Q15718,ELAVL1,303,0.5
Q15718,ELAVL1,304,0.448706
Q15718,ELAVL1,305,0.5
Q15718,ELAVL1,306,0.448706
Q15718,ELAVL1,307,0.5
Q15718,ELAVL1,308,0.286786
Q15718,ELAVL1,309,0.448706
Q15718,ELAVL1,310,0.448706
Q15718,ELAVL1,311,0.5
Q15718,ELAVL1,312,0.286786
Q15718,ELAVL1,313,0.5
Q15718,ELAVL1,314,0.5
Q15718,ELAVL1,315,0.286786
Q15718,ELAVL1,316,0.480843
Q15718,ELAVL1,317,0.419605
Q15718,ELAVL1,318,0.286786
Q15718,ELAVL1,319,0.5
Q15718,ELAVL1,320,0.5
Q15718,ELAVL1,321,0.5
Q15718,ELAVL1,322,0.448706
Q15718,ELAVL1,323,0.422541
Q15718,ELAVL1,324,0.5
Q15718,ELAVL1,325,0.448706
Q15718,ELAVL1,326,0.487376
Q15718,ELAVL1,327,0.5
Q15718,ELAVL1,328,0.5
Q15718,ELAVL1,329,0.286786
Q15718,ELAVL1,330,0.5
Q15718,ELAVL1,331,0.5
Q15718,ELAVL1,332,0.454733
Q15718,ELAVL1,333,0.5
Q15718,ELAVL1,334,0.476925
Q15718,ELAVL1,335,0.286786
Q15718,ELAVL1,336,0.286786
Q15718,ELAVL1,337,0.477751
Q15718,ELAVL1,338,0.170445
Q15718,ELAVL1,339,0.5
Q15718,ELAVL1,340,0.402754
Q15718,ELAVL1,341,0.487376
Q15718,ELAVL1,342,0.41479
Q15718,ELAVL1,343,0.5
Q15718,ELAVL1,344,0.448706
Q15718,ELAVL1,345,0.286786
Q15718,ELAVL1,346,0.5
Q15718,ELAVL1,347,0.5
Q15718,ELAVL1,348,0.286786
Q15718,ELAVL1,349,0.5
Q15718,ELAVL1,350,0.286786
Q15718,ELAVL1,351,0.286786
Q15718,ELAVL1,352,0.5
Q15718,ELAVL1,353,0.5
Q15718,ELAVL1,354,0.448706
Q15718,ELAVL1,355,0.448706
Q15718,ELAVL1,356,0.178837
Q15718,ELAVL1,357,0.286786
Q15718,ELAVL1,358,0.5
Q15718,ELAVL1,359,0.5
Q15718,ELAVL1,360,0.286786
Q15718,ELAVL1,361,0.5
Q15718,ELAVL1,362,0.5
Q15718,ELAVL1,363,0.5
Q15718,ELAVL1,364,0.487376
Q15718,ELAVL1,365,0.5
Q15718,ELAVL1,366,0.286786
Q15718,ELAVL1,367,0.5
Q15718,ELAVL1,368,0.5
Q15718,ELAVL1,369,0.5
Q15718,ELAVL1,370,0.5
Q15718,ELAVL1,371,0.286786
Q15718,ELAVL1,372,0.41479
Q15718,ELAVL1,373,0.419605
Q15718,ELAVL1,374,0.225201
Q15718,ELAVL1,375,0.5
Q15718,ELAVL1,376,0.286786
Q15718,ELAVL1,377,0.419605
Q15718,ELAVL1,378,0.139
Q15718,ELAVL1,379,0.5
Q15718,ELAVL1,380,0.5
Q15718,ELAVL1,381,0.5
Q15718,ELAVL1,382,0.5
Q15718,ELAVL1,383,0.5
Q15718,ELAVL1,384,0.5
Q15718,ELAVL1,385,0.5
Q15718,ELAVL1,386,0.5
Q15718,ELAVL1,387,0.286786
Q15718,ELAVL1,388,0.448706
Q15718,ELAVL1,389,0.419605
Q15718,ELAVL1,390,0.286786
Q15718,ELAVL1,391,0.286786
Q15718,ELAVL1,392,0.448706
Q15718,ELAVL1,393,0.5
Q15718,ELAVL1,394,0.286786
Q15718,ELAVL1,395,0.5
Q15718,ELAVL1,396,0.480843
Q15718,ELAVL1,397,0.5
Q15718,ELAVL1,398,0.5
Q15718,ELAVL1,399,0.286786
Q15718,ELAVL1,400,0.286786
Q15718,ELAVL1,401,0.419605
Q15718,ELAVL1,402,0.448706
Q15718,ELAVL1,403,0.5
Q15718,ELAVL1,404,0.326602
Q15718,ELAVL1,405,0.477751
Q15718,ELAVL1,406,0.5
Q15718,ELAVL1,407,0.41479
Q15718,ELAVL1,408,0.419605
Q15718,ELAVL1,409,0.506369
Q15718,ELAVL1,410,0.456301
Q15718,ELAVL1,411,0.5
Q15718,ELAVL1,412,0.448706
Q15718,ELAVL1,413,0.448706
Q15718,ELAVL1,414,0.487376
Q15718,ELAVL1,415,0.41479
Q15718,ELAVL1,416,0.5
Q15718,ELAVL1,417,0.5
Q15718,ELAVL1,418,0.41479
Q15718,ELAVL1,419,0.419605
Q15718,ELAVL1,420,0.286786
Q15718,ELAVL1,421,0.286786
Q15718,ELAVL1,422,0.448706
Q15718,ELAVL1,423,0.5
Q15718,ELAVL1,424,0.5
Q15718,ELAVL1,425,0.5
Q15718,ELAVL1,426,0.477751
Q15718,ELAVL1,427,0.5
Q15718,ELAVL1,428,0.286786
Q15718,ELAVL1,429,0.5
Q15718,ELAVL1,430,0.480843
Q15718,ELAVL1,431,0.286786
Q15718,ELAVL1,432,0.448706
Q15718,ELAVL1,433,0.448706
Q15718,ELAVL1,434,0.077683
Q15718,ELAVL1,435,0.448706
Q15718,ELAVL1,436,0.5
Q15718,ELAVL1,437,0.448706
Q15718,ELAVL1,438,0.5
Q15718,ELAVL1,439,0.506369
Q15718,ELAVL1,440,0.5
Q15718,ELAVL1,441,0.448706
Q15718,ELAVL1,442,0.286786
Q15718,ELAVL1,443,0.487376
Q15718,ELAVL1,444,0.5
Q15718,ELAVL1,445,0.286786
Q15718,ELAVL1,446,0.5
Q15718,ELAVL1,447,0.411302
Q15718,ELAVL1,448,0.286786
Q15718,ELAVL1,449,0.5
Q15718,ELAVL1,450,0.448706
Q15718,ELAVL1,451,0.448706
Q15718,ELAVL1,452,0.5
Q15718,ELAVL1,453,0.5
Q15718,ELAVL1,454,0.5
Q15718,ELAVL1,455,0.286786
Q15718,ELAVL1,456,0.5
Q15718,ELAVL1,457,0.5
Q15718,ELAVL1,458,0.286786
Q15718,ELAVL1,459,0.5
Q15718,ELAVL1,460,0.419605
Q15718,ELAVL1,461,0.286786
Q15718,ELAVL1,462,0.5
Q15718,ELAVL1,463,0.5
Q15718,ELAVL1,464,0.5
Q15718,ELAVL1,465,0.286786
Q15718,ELAVL1,466,0.41479
Q15718,ELAVL1,467,0.454733
Q15718,ELAVL1,468,0.5
Q15718,ELAVL1,469,0.286786
Q15718,ELAVL1,470,0.477751
Q15718,ELAVL1,471,0.448706
Q15718,ELAVL1,472,0.286786
Q15718,ELAVL1,473,0.286786
Q15718,ELAVL1,474,0.286786
Q15718,ELAVL1,475,0.286786
Q15718,ELAVL1,476,0.5
Q15718,ELAVL1,477,0.419605
Q15718,ELAVL1,478,0.286786
Q15718,ELAVL1,479,0.5
Q15718,ELAVL1,480,0.286786
Q15718,ELAVL1,481,0.419605
Q15718,ELAVL1,482,0.5
Q15718,ELAVL1,483,0.480843
Q15718,ELAVL1,484,0.5
Q15718,ELAVL1,485,0.448706
Q15718,ELAVL1,486,0.286786
Q15718,ELAVL1,487,0.456301
Q15718,ELAVL1,488,0.5
Q15718,ELAVL1,489,0.286786
Q15718,ELAVL1,490,0.286786
Q15718,ELAVL1,491,0.480843
Q15718,ELAVL1,492,0.5
Q15718,ELAVL1,493,0.5
Q15718,ELAVL1,494,0.5
Q15718,ELAVL1,495,0.5
Q15718,ELAVL1,496,0.41479
Q15718,ELAVL1,497,0.41479
Q15718,ELAVL1,498,0.5
Q15718,ELAVL1,499,0.286786
Q15718,ELAVL1,500,0.5
Q15718,ELAVL1,501,0.448706
Q15718,ELAVL1,502,0.448706
Q15718,ELAVL1,503,0.5
Q15718,ELAVL1,504,0.5
Q15718,ELAVL1,505,0.5
Q15718,ELAVL1,506,0.5
Q15718,ELAVL1,507,0.286786
Q15718,ELAVL1,508,0.286786
Q15718,ELAVL1,509,0.5
Q15718,ELAVL1,510,0.487376
Q15718,ELAVL1,511,0.5
Q15718,ELAVL1,512,0.480843
Q15718,ELAVL1,513,0.5
Q15718,ELAVL1,514,0.5
Q15718,ELAVL1,515,0.286786
Q15718,ELAVL1,516,0.487376
Q15718,ELAVL1,517,0.5
Q15718,ELAVL1,518,0.5
Q15718,ELAVL1,519,0.480843
Q15718,ELAVL1,520,0.286786
Q15718,ELAVL1,521,0.5
Q15718,ELAVL1,522,0.286786
Q15718,ELAVL1,523,0.5
Q15718,ELAVL1,524,0.448706
Q15718,ELAVL1,525,0.5
Q15718,ELAVL1,526,0.286786
Q15718,ELAVL1,527,0.5
Q15718,ELAVL1,528,0.22787
Q15718,ELAVL1,529,0.150825
Q15718,ELAVL1,530,0.480843
Q15718,ELAVL1,531,0.448706
Q15718,ELAVL1,532,0.448706
Q15718,ELAVL1,533,0.5
Q15718,ELAVL1,534,0.286786
Q15718,ELAVL1,535,0.448706
Q15718,ELAVL1,536,0.286786
Q15718,ELAVL1,537,0.487376
Q15718,ELAVL1,538,0.286786
Q15718,ELAVL1,539,0.286786
Q15718,ELAVL1,540,0.5
Q15718,ELAVL1,541,0.286786
Q15718,ELAVL1,542,0.448706
Q15718,ELAVL1,543,0.419605
Q15718,ELAVL1,544,0.5
Q15718,ELAVL1,545,0.5
Q15718,ELAVL1,546,0.456301
Q15718,ELAVL1,547,0.5
Q15718,ELAVL1,548,0.5
Q15718,ELAVL1,549,0.5
Q15718,ELAVL1,550,0.448706
Q15718,ELAVL1,551,0.5
Q15718,ELAVL1,552,0.480843
Q15718,ELAVL1,553,0.5
Q15718,ELAVL1,554,0.286786
Q15718,ELAVL1,555,0.5
Q15718,ELAVL1,556,0.448706
Q15718,ELAVL1,557,0.286786
Q15718,ELAVL1,558,0.5
Q15718,ELAVL1,559,0.286786
Q15718,ELAVL1,560,0.286786
Q15718,ELAVL1,561,0.419605
Q15718,ELAVL1,562,0.5
Q15718,ELAVL1,563,0.419605
Q15718,ELAVL1,564,0.286786
Q15718,ELAVL1,565,0.448706
Q15718,ELAVL1,566,0.448706
Q15718,ELAVL1,567,0.286786
Q15718,ELAVL1,568,0.480843
Q15718,ELAVL1,569,0.487376
Q15718,ELAVL1,570,0.5
Q15718,ELAVL1,571,0.286786
Q15718,ELAVL1,572,0.448706
Q15718,ELAVL1,573,0.286786
Q15718,ELAVL1,574,0.480843
Q15718,ELAVL1,575,0.480843
Q15718,ELAVL1,576,0.286786
Q15718,ELAVL1,577,0.5
Q15718,ELAVL1,578,0.5
Q15718,ELAVL1,579,0.5
Q15718,ELAVL1,580,0.448706
Q15718,ELAVL1,581,0.286786
Q15718,ELAVL1,582,0.286786
Q15718,ELAVL1,583,0.5
Q15718,ELAVL1,584,0.480843
Q15718,ELAVL1,585,0.5
Q15718,ELAVL1,586,0.286786
Q15718,ELAVL1,587,0.448706
Q15718,ELAVL1,588,0.419605
Q15718,ELAVL1,589,0.480843
Q15718,ELAVL1,590,0.286786
Q15718,ELAVL1,591,0.337376
Q15718,ELAVL1,592,0.5
Q15718,ELAVL1,593,0.448706
Q15718,ELAVL1,594,0.448706
Q15718,ELAVL1,595,0.448706
Q15718,ELAVL1,596,0.487376
Q15718,ELAVL1,597,0.5
Q15718,ELAVL1,598,0.448706
Q15718,ELAVL1,599,0.5
Q15718,ELAVL1,600,0.286786
Q15718,ELAVL1,601,0.286786
Q15718,ELAVL1,602,0.286786
Q15718,ELAVL1,603,0.5
Q15718,ELAVL1,604,0.448706
Q15718,ELAVL1,605,0.5
Q15718,ELAVL1,606,0.286786
Q15718,ELAVL1,607,0.286786
Q15718,ELAVL1,608,0.5
Q15718,ELAVL1,609,0.448706
Q15718,ELAVL1,610,0.417406
Q15718,ELAVL1,611,0.487376
Q15718,ELAVL1,612,0.448706
Q15718,ELAVL1,613,0.419605
Q15718,ELAVL1,614,0.286786
Q15718,ELAVL1,615,0.5
Q15718,ELAVL1,616,0.286786
Q15718,ELAVL1,617,0.448706
Q15718,ELAVL1,618,0.5
Q15718,ELAVL1,619,0.286786
Q15718,ELAVL1,620,0.5
Q15718,ELAVL1,621,0.480843
Q15718,ELAVL1,622,0.286786
Q15718,ELAVL1,623,0.286786
Q15718,ELAVL1,624,0.448706
Q15718,ELAVL1,625,0.419605
Q15718,ELAVL1,626,0.5
Q15718,ELAVL1,627,0.448706
Q15718,ELAVL1,628,0.5
Q15718,ELAVL1,629,0.480843
Q15718,ELAVL1,630,0.286786
Q15718,ELAVL1,631,0.286786
Q15718,ELAVL1,632,0.448706
Q15718,ELAVL1,633,0.487376
Q15718,ELAVL1,634,0.286786
Q15718,ELAVL1,635,0.286786
Q15718,ELAVL1,636,0.448706
Q15718,ELAVL1,637,0.41479
Q15718,ELAVL1,638,0.286786
Q15718,ELAVL1,639,0.286786
Q15718,ELAVL1,640,0.5
Q15718,ELAVL1,641,0.5
Q15718,ELAVL1,642,0.419605
Q15718,ELAVL1,643,0.5
Q15718,ELAVL1,644,0.448706
Q15718,ELAVL1,645,0.419605
Q15718,ELAVL1,646,0.5
Q15718,ELAVL1,647,0.5
Q15718,ELAVL1,648,0.5
Q15718,ELAVL1,649,0.286786
Q15718,ELAVL1,650,0.411302
Q15718,ELAVL1,651,0.5
Q15718,ELAVL1,652,0.5
Q15718,ELAVL1,653,0.5
Q15718,ELAVL1,654,0.5
Q15718,ELAVL1,655,0.286786
Q15718,ELAVL1,656,0.448706
Q15718,ELAVL1,657,0.41479
Q15718,ELAVL1,658,0.337376
Q15718,ELAVL1,659,0.5
Q15718,ELAVL1,660,0.487376
Q15718,ELAVL1,661,0.286786
Q15718,ELAVL1,662,0.286786
Q15718,ELAVL1,663,0.5
Q15718,ELAVL1,664,0.448706
Q15718,ELAVL1,665,0.448706
Q15718,ELAVL1,666,0.448706
Q15718,ELAVL1,667,0.5
Q15718,ELAVL1,668,0.286786
Q15718,ELAVL1,669,0.286786
Q15718,ELAVL1,670,0.286786
Q15718,ELAVL1,671,0.448706
Q15718,ELAVL1,672,0.480843
Q15718,ELAVL1,673,0.286786
Q15718,ELAVL1,674,0.286786
Q15718,ELAVL1,675,0.286786
Q15718,ELAVL1,676,0.286786
Q15718,ELAVL1,677,0.5
Q15718,ELAVL1,678,0.419605
Q15718,ELAVL1,679,0.419605
Q15718,ELAVL1,680,0.159247
Q15718,ELAVL1,681,0.448706
Q15718,ELAVL1,682,0.286786
Q15718,ELAVL1,683,0.5
Q15718,ELAVL1,684,0.286786
Q15718,ELAVL1,685,0.448706
Q15718,ELAVL1,686,0.286786
Q15718,ELAVL1,687,0.286786
Q15718,ELAVL1,688,0.5
Q15718,ELAVL1,689,0.286786
Q15718,ELAVL1,690,0.5
Q15718,ELAVL1,691,0.448706
Q15718,ELAVL1,692,0.487376
Q15718,ELAVL1,693,0.286786
Q15718,ELAVL1,694,0.5
Q15718,ELAVL1,695,0.5
Q15718,ELAVL1,696,0.448706
Q15718,ELAVL1,697,0.5
Q15718,ELAVL1,698,0.448706
Q15718,ELAVL1,699,0.5
Q15718,ELAVL1,700,0.5
Q15718,ELAVL1,701,0.5
Q15718,ELAVL1,702,0.286786
Q15718,ELAVL1,703,0.5
Q15718,ELAVL1,704,0.5
Q15718,ELAVL1,705,0.286786
Q15718,ELAVL1,706,0.5
Q15718,ELAVL1,707,0.286786
Q15718,ELAVL1,708,0.5
Q15718,ELAVL1,709,0.419605
Q15718,ELAVL1,710,0.286786
Q15718,ELAVL1,711,0.286786
Q15718,ELAVL1,712,0.448706
Q15718,ELAVL1,713,0.286786
Q15718,ELAVL1,714,0.5
Q15718,ELAVL1,715,0.448706
Q15718,ELAVL1,716,0.5
Q15718,ELAVL1,717,0.448706
Q15718,ELAVL1,718,0.5
Q15718,ELAVL1,719,0.5
Q15718,ELAVL1,720,0.487376
Q15718,ELAVL1,721,0.5
Q15718,ELAVL1,722,0.286786
Q15718,ELAVL1,723,0.286786
Q15718,ELAVL1,724,0.286786
Q15718,ELAVL1,725,0.5
Q15718,ELAVL1,726,0.286786
Q15718,ELAVL1,727,0.286786
Q15718,ELAVL1,728,0.5
Q15718,ELAVL1,729,0.286786
Q15718,ELAVL1,730,0.286786
Q15718,ELAVL1,731,0.286786
Q15718,ELAVL1,732,0.286786
Q15718,ELAVL1,733,0.477751
Q15718,ELAVL1,734,0.5
Q15718,ELAVL1,735,0.448706
Q15718,ELAVL1,736,0.487376
Q15718,ELAVL1,737,0.286786
Q15718,ELAVL1,738,0.286786
Q15718,ELAVL1,739,0.5
Q15718,ELAVL1,740,0.477751
Q15718,ELAVL1,741,0.5
Q15718,ELAVL1,742,0.5
Q15718,ELAVL1,743,0.286786
Q15718,ELAVL1,744,0.487376
Q15718,ELAVL1,745,0.5
Q15718,ELAVL1,746,0.448706
Q15718,ELAVL1,747,0.286786
Q15718,ELAVL1,748,0.487376
Q15718,ELAVL1,749,0.5
Q15718,ELAVL1,750,0.5
Q15718,ELAVL1,751,0.5
Q15718,ELAVL1,752,0.286786
Q15718,ELAVL1,753,0.5
Q15718,ELAVL1,754,0.170445
Q15718,ELAVL1,755,0.286786
Q15718,ELAVL1,756,0.448706
Q15718,ELAVL1,757,0.286786
Q15718,ELAVL1,758,0.286786
Q15718,ELAVL1,759,0.286786
Q15718,ELAVL1,760,0.5
Q15718,ELAVL1,761,0.419605
Q15718,ELAVL1,762,0.419605
Q15718,ELAVL1,763,0.5
Q15718,ELAVL1,764,0.5
Q15718,ELAVL1,765,0.5
Q15718,ELAVL1,766,0.5
Q15718,ELAVL1,767,0.448706
Q15718,ELAVL1,768,0.448706
Q15718,ELAVL1,769,0.5
Q15718,ELAVL1,770,0.448706
Q15718,ELAVL1,771,0.448706
Q15718,ELAVL1,772,0.448706
Q15718,ELAVL1,773,0.5
Q15718,ELAVL1,774,0.286786
Q15718,ELAVL1,775,0.286786
Q15718,ELAVL1,776,0.5
Q15718,ELAVL1,777,0.419605
Q15718,ELAVL1,778,0.5
Q15718,ELAVL1,779,0.286786
Q15718,ELAVL1,780,0.480843
Q15718,ELAVL1,781,0.5
Q15718,ELAVL1,782,0.419605
Q15718,ELAVL1,783,0.286786
Q15718,ELAVL1,784,0.419605
Q15718,ELAVL1,785,0.448706
Q15718,ELAVL1,786,0.286786
Q15718,ELAVL1,787,0.286786
Q15718,ELAVL1,788,0.286786
Q15718,ELAVL1,789,0.487376
Q15718,ELAVL1,790,0.480843
Q15718,ELAVL1,791,0.5
Q15718,ELAVL1,792,0.286786
Q15718,ELAVL1,793,0.5
Q15718,ELAVL1,794,0.419605
Q15718,ELAVL1,795,0.487376
Q15718,ELAVL1,796,0.448706
Q15718,ELAVL1,797,0.419605
Q15718,ELAVL1,798,0.5
Q15718,ELAVL1,799,0.286786
Q15718,ELAVL1,800,0.487376
Q15718,ELAVL1,801,0.41479
Q15718,ELAVL1,802,0.5
Q15718,ELAVL1,803,0.477751
Q15718,ELAVL1,804,0.5
Q15718,ELAVL1,805,0.487376
Q15718,ELAVL1,806,0.5
Q15718,ELAVL1,807,0.5
Q15718,ELAVL1,808,0.448706
Q15718,ELAVL1,809,0.448706
Q15718,ELAVL1,810,0.41479
Q15718,ELAVL1,811,0.286786
Q15718,ELAVL1,812,0.487376
Q15718,ELAVL1,813,0.419605
Q15718,ELAVL1,814,0.419605
Q15718,ELAVL1,815,0.5
Q15718,ELAVL1,816,0.5
Q15718,ELAVL1,817,0.5
Q15718,ELAVL1,818,0.419605
Q15718,ELAVL1,819,0.5
Q15718,ELAVL1,820,0.448706
Q15718,ELAVL1,821,0.448706
Q15718,ELAVL1,822,0.419605
Q15718,ELAVL1,823,0.5
Q15718,ELAVL1,824,0.286786
Q15718,ELAVL1,825,0.5
Q15718,ELAVL1,826,0.286786
Q15718,ELAVL1,827,0.286786
Q15718,ELAVL1,828,0.419605
Q15718,ELAVL1,829,0.5
Q15718,ELAVL1,830,0.5
Q15718,ELAVL1,831,0.286786
Q15718,ELAVL1,832,0.286786
Q15718,ELAVL1,833,0.286786
Q15718,ELAVL1,834,0.286786
Q15718,ELAVL1,835,0.5
Q15718,ELAVL1,836,0.5
Q15718,ELAVL1,837,0.5
Q15718,ELAVL1,838,0.448706
Q15718,ELAVL1,839,0.477751
Q15718,ELAVL1,840,0.448706
Q15718,ELAVL1,841,0.456217
Q15718,ELAVL1,842,0.5
Q15718,ELAVL1,843,0.286786
Q15718,ELAVL1,844,0.286786
Q15718,ELAVL1,845,0.5
Q15718,ELAVL1,846,0.448706
Q15718,ELAVL1,847,0.448706
Q15718,ELAVL1,848,0.5
Q15718,ELAVL1,849,0.5
Q15718,ELAVL1,850,0.5
Q15718,ELAVL1,851,0.448706
Q15718,ELAVL1,852,0.448706
Q15718,ELAVL1,853,0.286786
Q15718,ELAVL1,854,0.419605
Q15718,ELAVL1,855,0.448706
Q15718,ELAVL1,856,0.286786
Q15718,ELAVL1,857,0.5
Q15718,ELAVL1,858,0.448706
Q15718,ELAVL1,859,0.448706
Q15718,ELAVL1,860,0.286786
Q15718,ELAVL1,861,0.286786
Q15718,ELAVL1,862,0.286786
Q15718,ELAVL1,863,0.5
Q15718,ELAVL1,864,0.5
Q15718,ELAVL1,865,0.448706
Q15718,ELAVL1,866,0.5
Q15718,ELAVL1,867,0.5
Q15718,ELAVL1,868,0.448706
Q15718,ELAVL1,869,0.448706
Q15718,ELAVL1,870,0.448706
Q15718,ELAVL1,871,0.5
Q15718,ELAVL1,872,0.5
Q15718,ELAVL1,873,0.5
Q15718,ELAVL1,874,0.5
Q15718,ELAVL1,875,0.286786
Q15718,ELAVL1,876,0.5
Q15718,ELAVL1,877,0.5
Q15718,ELAVL1,878,0.448706
Q15718,ELAVL1,879,0.5
Q15718,ELAVL1,880,0.286786
Q15718,ELAVL1,881,0.5
Q15718,ELAVL1,882,0.286786
Q15718,ELAVL1,883,0.5
Q15718,ELAVL1,884,0.448706
Q15718,ELAVL1,885,0.286786
Q15718,ELAVL1,886,0.5
Q15718,ELAVL1,887,0.286786
Q15718,ELAVL1,888,0.448706
Q15718,ELAVL1,889,0.5
Q15718,ELAVL1,890,0.5
Q15718,ELAVL1,891,0.286786
Q15718,ELAVL1,892,0.454733
Q15718,ELAVL1,893,0.286786
Q15718,ELAVL1,894,0.286786
Q15718,ELAVL1,895,0.5
Q15718,ELAVL1,896,0.5
Q15718,ELAVL1,897,0.5
Q15718,ELAVL1,898,0.41479
Q15718,ELAVL1,899,0.286786
Q15718,ELAVL1,900,0.5
Q15718,ELAVL1,901,0.448706
Q15718,ELAVL1,902,0.027204
Q15718,ELAVL1,903,0.5
Q15718,ELAVL1,904,0.286786
Q15718,ELAVL1,905,0.419605
Q15718,ELAVL1,906,0.5
Q15718,ELAVL1,907,0.5
Q15718,ELAVL1,908,0.448706
Q15718,ELAVL1,909,0.286786
Q15718,ELAVL1,910,0.5
Q15718,ELAVL1,911,0.448706
Q15718,ELAVL1,912,0.448706
Q15718,ELAVL1,913,0.480843
Q15718,ELAVL1,914,0.5
Q15718,ELAVL1,915,0.286786
Q15718,ELAVL1,916,0.5
Q15718,ELAVL1,917,0.286786
Q15718,ELAVL1,918,0.5
Q15718,ELAVL1,919,0.448706
Q15718,ELAVL1,920,0.286786
Q15718,ELAVL1,921,0.419605
Q15718,ELAVL1,922,0.454733
Q15718,ELAVL1,923,0.41479
Q15718,ELAVL1,924,0.448706
Q15718,ELAVL1,925,0.448706
Q15718,ELAVL1,926,0.5
Q15718,ELAVL1,927,0.5
Q15718,ELAVL1,928,0.419605
Q15718,ELAVL1,929,0.5
Q15718,ELAVL1,930,0.448706
Q15718,ELAVL1,931,0.448706
Q15718,ELAVL1,932,0.5
Q15718,ELAVL1,933,0.5
Q15718,ELAVL1,934,0.286786
Q15718,ELAVL1,935,0.5
Q15718,ELAVL1,936,0.5
Q15718,ELAVL1,937,0.5
Q15718,ELAVL1,938,0.5
Q15718,ELAVL1,939,0.5
Q15718,ELAVL1,940,0.286786
Q15718,ELAVL1,941,0.286786
Q15718,ELAVL1,942,0.286786
Q15718,ELAVL1,943,0.286786
Q15718,ELAVL1,944,0.328351
Q15718,ELAVL1,945,0.405006
Q15718,ELAVL1,946,0.5
Q15718,ELAVL1,947,0.448706
Q15718,ELAVL1,948,0.5
Q15718,ELAVL1,949,0.448706
Q15718,ELAVL1,950,0.286786
Q15718,ELAVL1,951,0.506369
Q15718,ELAVL1,952,0.448706
Q15718,ELAVL1,953,0.487376
Q15718,ELAVL1,954,0.5
Q15718,ELAVL1,955,0.5
Q15718,ELAVL1,956,0.448706
Q15718,ELAVL1,957,0.448706
Q15718,ELAVL1,958,0.286786
Q15718,ELAVL1,959,0.5
Q15718,ELAVL1,960,0.448706
Q15718,ELAVL1,961,0.5
Q15718,ELAVL1,962,0.286786
Q15718,ELAVL1,963,0.337376
Q15718,ELAVL1,964,0.286786
Q15718,ELAVL1,965,0.419605
Q15718,ELAVL1,966,0.5
Q15718,ELAVL1,967,0.5
Q15718,ELAVL1,968,0.448706
Q15718,ELAVL1,969,0.286786
Q15718,ELAVL1,970,0.5
Q15718,ELAVL1,971,0.286786
Q15718,ELAVL1,972,0.487376
Q15718,ELAVL1,973,0.417406
Q15718,ELAVL1,974,0.5
Q15718,ELAVL1,975,0.5
Q15718,ELAVL1,976,0.5
Q15718,ELAVL1,977,0.448706
Q15718,ELAVL1,978,0.5
Q15718,ELAVL1,979,0.419605
Q15718,ELAVL1,980,0.5
Q15718,ELAVL1,981,0.487376
Q15718,ELAVL1,982,0.5
Q15718,ELAVL1,983,0.286786
Q15718,ELAVL1,984,0.286786
Q15718,ELAVL1,985,0.5
Q15718,ELAVL1,986,0.5
Q15718,ELAVL1,987,0.5
Q15718,ELAVL1,988,0.286786
Q15718,ELAVL1,989,0.5
Q15718,ELAVL1,990,0.480843
Q15718,ELAVL1,991,0.5
Q15718,ELAVL1,992,0.286786
Q15718,ELAVL1,993,0.286786
Q15718,ELAVL1,994,0.448706
Q15718,ELAVL1,995,0.286786
Q15718,ELAVL1,996,0.5
Q15718,ELAVL1,997,0.487376
Q15718,ELAVL1,998,0.5
Q15718,ELAVL1,999,0.5
Q15718,ELAVL1,1000,0.286786